營企部-O,"以服務旅客和消費者為基礎下, 創造好的體驗和行銷商機, 支援前場創造業績",,,,,
商發部-O,以數據+會員關係為核心的行銷成長機制，使行銷能持續創造可衡量、可歸因的商業價值。,,,,,
Goal 具體目標  ,Strategy 策略,Measure 檢核,,,負責單位,註
,,Dashboard衡量指標,Q1-Plans 行動計畫,Q2-Plans 行動計畫,,
"G1:提高旅客／會員於非交易期間的互動參與頻次，並使其成為可再利用的會員行為資產。
發生非交易互動後 90 天內，至少60%活動達到轉換率(綁定率及交易率)目標。

《衡量指標》
1.線上活動
會員綁定率：1%
交易率：10%

2.實體活動
會員綁定率：55%
交易率：10%

3.異業導流
會員綁定率：20%
交易率：35%

4.社群活動
粉絲增長率：1%

(綁定率:完成綁定人數 ÷ 觸及人數）
(交易率:交易人數÷有活動標籤的新舊會員人數）","透過音樂、運動、親子大型展演活動的聚客力，觸及潛在出國客群提升進店前觸及機會點。


","
\\everrich.net\nas14\01商務發展部\01商務發展部\16品牌行銷\●行銷計畫\2026\2026 商發 數位行銷課-活動成效統計表 final.xlsx

1.大港開唱 (子硯-3/21~3/22)：
目標：觸及7,000人，綁定3,850人，交易700人。
成效：截至3/6
*抽門票3/3~10：觸及729人(10.4%)；綁定317人(8.2%)；交易14人(2%)。
*抽耳機3/18~24
*下單禮3/18~4/30
*互動禮3/21~22

2.美人圈音樂祭 (子硯-4/11~4/12)：
目標：觸及2,000人，綁定1,100人，交易200人。
成效：","【大港開唱】
2/9 EC活動專頁 需求單交付
2/11 2/24 上呈申議書
3/2 第一波線上活動 啟動(3/2-13)
3/11 第二波線上活動 啟動(3/11-20)
3/13 贈品大貨入庫
3/18 EC活動專頁 啟動(3/18-4/30)
3/21 線下攤位活動 啟動(3/21-22)

【美人圈音樂祭】
2/9 上呈申議書
3/2 3/6 EC活動專頁 需求單交付
3/31 贈品大貨入庫","【美人圈音樂祭】
4/8 EC活動專頁 啟動(4/8-5/13)
4/11 線下攤位活動 啟動",George team,
,,"1.林志傑引退賽 (雅琪-4/11~4/12)：
2.台新女子路跑 (雅琪-4/12)：取消不合作
3.中華職棒-樂天 (子硯-5月)：
4.富邦/台新職籃 (雅琪-5月)：","【台新女子路跑】
2/2提案
2/26待台新確認活動
3/6確認不合作

【林志傑引退賽】
2/23富邦提供贊助案
3/11回簽報價單
3/10提案
3/11提供設計文案單
3/13申議書
4/11-4/12攤位活動

【中華職棒-樂天】
3/23 提案
3/30 上呈申議書
6/20-21 線下攤位活動啟動",,George team,
,,"1.台灣燈會 (雅琪-3/3-3/15)：
目標：觸及8850人，綁定4867人，交易885人。
成效：截至3/12，已觸及3741人，達成率42.3%；綁定2331人，達成率47.9%，交易88人(180筆消費)，達成率9.9%。

2.未來親子野餐日 (子硯-4/3)：
目標：觸及1,880人，綁定1034人，交易188人。
成效：","【2026嘉義燈會】
2/2提案完成
2/6上申議書
2/11燈會主辦單位行前會
3/3進場
3/3-3/15活動攤位

【未來親子野餐日】
2/6 上呈申議書
2/11 2/23 EC活動專頁 需求單交付
3/10 提設計需求
3/16 贈品大貨入庫
3/25 EC活動專頁 啟動(3/25-4/24)
4/3 線下攤位活動 啟動",,George team,
,"透過銀行、壽險、旅遊等異業夥伴，拓展潛在出國客群與高價值族群，藉由資源互換會員互導提升品牌曝光。
","1.台新銀行Richart life (雅琪-3/20-6/30)：
目標：
成效：

2.台新銀行財富管理部 (雅琪-1/1~12/31)：
目標：導入1500名領航者。
成效：截至3/12，已導入592人，達成率39.4%。
1月：367人(333直升，34不直升)
2/1-2/28：189人(166直升，23不直升)
3/1-3/13：37人(33直升，4不直升)","【台新銀行Richart life】
3/10提案完成
2/263/13上申議書
3/93/20啟動

【台新銀行財富管理部】
1/1台新啟動
2/4提供宣傳物給台新審核(審核中)
2/253/63/13昇恆昌啟動(推播、上架APP)
",,George team,
,,"1.KKday (子硯-4/1~6/30)：
目標：
成效：

2.新安東京海上產險 (子硯-3/1~6/30)：
目標：
成效：

3.國泰人壽 (雅琪-2/1~12/31)：
總目標：觸及8000人，綁定1600人，交易2800人。
成效：截至3/12，已觸及407人，達成率5.1%；綁定110人，達成率6.8%；交易共203人，達成率9.6%。
四檔活動：
活動一：年節VIP 500元抵用券
活動二：櫃台滿額購物金200元
活動三：櫃台露出100元抵用券
活動四：Join享好康機場接送簡訊，100元抵用券



4.星城Online(雅琪1/9-2/24)
目標：目標招募1,000位新會員。
成效：截至2/24活動結束，已觸及1,282人，新會員數945人，達成率94.5%。
","【KKday】
2/24 3/20 提案完成
3/25 上呈申議書

【新安東京海上】
2/11 提案完成
3/3 3/10 上呈申議書
3/20 視覺設計完稿

【Trip.com】
3/23 提案完成
3/27 上呈申議書

【國泰人壽】
2/1購物金啟動(每月追蹤請款-12/31)

【星城Online】
1/9活動啟動+春節製作物上架
1/16LINE推播+隱藏官網上架
2/19IG限動上架
","【KKday】
5/1 導流活動 啟動(5/1-8/31)

【新安東京海上】
4/1 導流活動 啟動(4/1-6/30)

【Trip.com】
4/13 導流活動 啟動(4/13-5/31)",George team,
,"透過主題性線上活動，延長會員的活躍週期與品牌關係壽命。
","1.APP徽章任務/SKIN
  - 隱藏徽章任務 (子硯)：
   -SKIN活動 (9G 5/11~5/22)：

2.主題線上互動活動
   ◆會員互動活動：
     1、母親節線上互動活動 (雅琪-4/20~5/20)：
     2、暑期互動-小學課本的逆襲-心理測驗 (雅琪-7/1~8/31)：

   ◆未綁定活動目標綁定11,750名會員，綁定率2.1%，交易率10%
   成效：2月綁定2,084人，目標2,350人，達成率89%，綁定率0.8%，交易率32%
   ◆MGM新增3,000名新會員，交易率10%
   ◆點數換福袋交易率10%
   成效：共234組 兌換110組，兌換率47% (截至3/2)
                六六大順袋共168組 兌換69組 兌換率41%
                八八大發袋共66組 兌換41組 兌換率62%","【隱藏徽章任務】
1/27 提供案型給資訊以及採購單位評估可行性
2/24 採購討論,會再提供6檔活動(3/4提供資料供採購向廠商爭取資源)
3/18 依照現有功能完成提案

【SKIN活動】
2/27 初步討論
3/12 活動提案
3/20 設計製作物清單完成(文案陸續提供4/10前完成)
3/27 報價蒐集完成
3/31上呈申議書

【母親節線上互動活動】
3/11提案
3/17上申議書
4/20上線

【暑期活動心理測驗-小學生】
3/9方向討論
3/27方向定調

【未綁定活動】
2/2 Q1提案完成
2/6 上呈申議書
2/13 二月檔上線
3/14 三月檔上線

【點數換福袋活動】
2/2 提案完成
2/6上呈申議書
2/13 上線

【MGM活動】
3/10 提案完成
3/15 上呈申議書
3/30 三月檔上線","【SKIN活動】
3/16活動提案
3/31上呈申議書
4/24前置測試

【暑期活動心理測驗】
4/17 腳本提案
4/30 申議書上呈
5/29 整體風格定案

【未綁定活動】
4/1 Q2提案完成
4/7上呈申議書
4/15 四月檔上線
5/15 五月檔上線
6/15 六月檔上線

【MGM活動】
6/10提案完成
6/15上呈申議書
6/30 六月檔上線",George team,
,,"可可function目標達成表

1.促購活動 : 
      -3/27~3/29AB母親節預購會
       活動參與目標:350人 進店目標:125人 轉換率35.71%
      
      -6/18澎湖花火節:
       點擊人數
  
2.社群自發性增粉
      -曬機票活動
      -旅人桃機旅程

3.月月文化心體驗
目標 : 互動率1.64% (Q1+Q2 觸及32,100次、互動528次)


4.販促:
      -1/10~2/24 馬上RICH 吉運來
        目標 : 曝光470萬次、觸及312萬次、 CPC4元、CTR 1.2%
      -2/25~3/31 共購買好 島嶼創生
        目標 : 觸及2萬次、總導入連結點擊100次
      -4/1~5/11 CHIC  LADY MAMA
        目標 : 互動率2%↑
      -5/12~6/30 SummerREEL
        目標 : 互動率2%↑","1.促購活動 : 
   ◆3/27~3/29 AB母親節預購會-Chloe
     -2/13 2/24 宣傳規劃&目標final
     -3/11 線上宣傳開跑
     -4/15 完成結案報告

2.社群自發性增粉
    ◆旅人桃機旅程-寶寶
     -3/2 以母親節檔期主題操作 規劃 
     -3/23 線上宣傳開跑
     -5/22 完成第一次成效結案
     -5/25 以小學生逆襲檔期主題操作 規劃
     -6/22 線上宣傳開跑
     -9/3 完成第二次成效結案

3.月月文化心體驗
     -01/15 音樂饗宴—綠動竹語
     -01/22 木趣DIY—森林彈線松鼠
     -01/31 軟文—原來這些可以當樂器！
     -02/13 音樂饗宴—綠動竹語
     -02/25 軟文—這些藝術你想像不到他怎麼來！
     -02/26 森呼吸DIY-君子蘭紙藝
     -03/12 音樂饗宴—綠動竹語
     -03/19 森呼吸DIY-君子蘭紙藝

4.販促:
      ◆ 馬上RICH 吉運來
       -03/18 結案

      ◆ 共購買好 島嶼創生 (僅投EC)
       -02/25 宣傳提案
       -02/25 宣傳開跑(投廣)
       -04/15 結案","1.促購活動 : 
   ◆6/18 澎湖花火節(含七龍珠快閃店)-Chloe&Elle
     -3/20 宣傳規劃&目標final
     -3/25 開發澎湖旅遊受眾名單
     -4/20 線上宣傳開跑
     -9/8 完成結案報告

2.社群自發性增粉
   ◆曬機票活動-Jimmy
    -3/18 活動規劃定案
    - 4/1  活動上線

4.販促:
      ◆ CHIC  LADY MAMA
       -03/05 宣傳提案
       -03/09 提案會
       -03/26 宣傳開跑(投廣) 
       -04/01 檔期開跑
       -05/25 結案

      ◆SummerREEL
       -03/27 宣傳提案
       -04/02前 提案會
       -05/12 檔期/宣傳開跑(投廣) 
       -07/14 結案
",MOMO team,
"G2:以行銷資源支援賣場對於關鍵客群與商品的銷售轉換，提升整體業績產出效率。
至少70%活動達到轉換率(進店率或交易率)目標。


《衡量指標》
1.線上活動
進店率：1%
交易率：10%

2.實體導客活動
筆數提升率：5~10% (依區域/活動屬性不等)

3.會員旅程操作
交易率：15%

(進店率:進店人數÷觸及人數)
(交易率:交易人數÷觸及人數)",S1: 透過短波段活動，提升各區或各大類臨時性與客導購的話題性。,"成效表追蹤: \\everrich.net\nas14\01商務發展部\01商務發展部\01販促檔期\2026\2026年度-短波段\短波段數據統整表
檔期成效：
1.1/10-2/24春節檔期
   全區筆數提升率：原始筆數：191,394　實際筆數：192,680　實際成長：0.6%
2.2/25-3/31ESG檔期
   桃機+松山+台中+小琉球筆數提升率：原始筆數：6,622　實際筆數：7,049　實際成長：6.4%
3.4/1-5/11母親節檔期

4.5/12-6/30初夏檔期","1.1/10-2/24春節檔期
   12/10發出需求
   12/15回收需求
   01/03定案 
   02/24結案

2.2/25-3/31ESG檔期
  12/11發出需求
  12/15回收需求
  12/31定案
  03/31結案
","1.4/1-5/11母親節檔期
    02/09前發出需求
    02/23前回收需求
    02/26前定案
    05/11結案

2.5/12-6/30初夏檔期
    03/03前發出需求
    03/11前回收需求
    03/20前定案
    06/30結案","桃園機場-愷謙/家維
台中/高雄/小琉球-琳潔
松山機場-心雅
內湖旗艦店-舒雅
澎湖全區/綠島-瑜方
金門全區-品淇","小Goal 階段目標
G1 (目標TA: 旅遊愛好族+肯花月光族)
LINE OA 好友人數達400萬人(+220萬)

H1好友人數提升至280萬人(+100萬)
H2好友人數提升至400萬人(+120萬)

截至2024/12月LINE OA 好友人數達180萬"
,S2: 透過會員旅程腳本提升會員交易率。,"1.會員旅程(二次回購) - 1/16-6/30(每月持續更新名單)
 (2025Q4 派發12738人 使用1873人 使用率14%) 
 Q1 目標 : 交易率  : 10%
截至3/15
2026 累計推播人數：47,099 (點擊4769人 9.4%)
2026Q1 派發3,995人 使用408人，交易率10.2%，達成率102%


2.會員旅程(LV1活躍客) - 2/27-3/31及4/25-5/31
H1  第1波 推播人數(2/27）：283,918
目標交易率 : 10% (目標消費人數28,391)
截至3/15 實際消費人數 7,972，交易率2.8%，達成率28%","1月 (首購客)二次消費會員旅程
1/15 活動推播 
2/13 2/26 昇議書完成
2/6 活動推播
2月(LV1轉活躍)喚起即將沉睡會員旅程
2/9 確認受眾
2/13 2/26 昇議書完成
2/11 製作勿申請
2/25圖素完成
2/26 FAXMEMO完成
2/26 推播設定
2/27 活動開始
3/31活動結束
3月(首購客)二次消費會員旅程
3/1 活動推播
3/20 置換下一季圖素 & 設定
3/25 活動推播","4月 (LV1轉活躍)喚起即將沉睡會員旅程
4/8 確認受眾
4/10 製作勿申請
4/22圖素完成
4/24 推播設定
4/25 活動開始
5/31活動結束
5月 預期出國會員促購活動
6月 (首購客)二次消費會員旅程
6/1 活動推播
6/23 置換下一季圖素 & 設定
6/30 活動推播",怡伶team,
,"S3: 透過採購的廠商品牌資源，創造體驗活動場景，提升交易接觸點。

","  可可function目標達成表
   採一 
       ◆2/9-2/14 Burberry 咖啡車_CKS 
         目標:交易筆數對筆2025年CNY同期成長5%，需達70筆
         實際達成:96筆，達成率137%
       ◆2/10-2/19 Coach CNY活動_CKS 
         目標:交易筆數對筆2025年CNY同期成長5%，需達693筆
         實際達成:756筆，達成率109%
       ◆2/11-3/1 Luxottica CNY活動_CKS
         目標一:導客數>900人，實際達成910人，達成率101%
         目標二:交易筆數>212筆，實際達成141筆，達成率67%
       ◆4/30~5/3 TUMI 開幕活動_CKS
       ◆5/30 Grand Seiko 高錶+品酒講座_AB
       ◆5/15~5/16 TUMI OUTPSOT_澎湖
       ◆6/19~6/20 COACH VIP活動_澎湖
       ◆6/x Burberry VIP 活動_內湖
       ◆6/x Hermès VIP 活動_TS
       
   
    採二 
       ◆3/7~4/7 ESG話題操作導客活動_AB
         目標:50人到店體驗(去年同性質活動平均提升5%)
       ◆4/2~4/30 L'OCCITANE改裝開幕活動_AB
         目標:30人到店體驗
       ◆4/18~4/19 La Mer VIP活動_AB
         目標:54組(幾成TBC)
       ◆4/25~4/26 Guerlain Bee school VIP活動
         目標:20組(幾成TBC)
       ◆6/x Jo Malone VIP 活動

    採三 
       ◆AB_H1 品酒會(3/22、4/25、5/16、5/30、6/13、6/27)
         目標:每場次參與賓客16人，轉化率50%
       ◆1/30~2/1 AB_年貨大街酒區集客活動
         目標:消費滿$2,000以上筆數>55筆
         成效:39筆；達成率70.91%
       ◆3/27~3/29 AB_母親節預購會酒區集客活動
         目標: 導客數240人(參與活動人數)
       ◆4/3~4/6 JB_母親節預購會酒區集客活動
         目標:導客數180人(參與活動人數)
       ◆6/18 澎湖_花火節酒區集客活動
         目標一:珍稀酒活動60人
         目標二:乒乓球體驗互動參與人數：210人
       ◆CKS_H1酒區導客活動

    國採
       ◆4/3~4/6 CKS_T2 玩具店x宇宙熊x兒童節導客活動
         目標:SC 交易筆數421筆+野獸國玩具店交易筆數92筆
       ◆4/10~5/10 國採x香氛店導客活動
         目標:香化店的導客進店達xx
       ◆4/20~9/30 七龍珠快閃店

    珠採
      ◆3/8 珠寶沙龍VIP活動
        目標:留下7位客人聯繫方式，實際達成:7位
      ◆4/30~5/3 阿里山系列新品上市活動_CKS
        目標:導客數
      ◆5/x 水晶串珠活動_AB
      ◆6/x 珠寶沙龍VIP活動","   採一 -Chinny
       ◆2/9-2/14 Burberry 咖啡車_CKS 
         -3/6 完成結案
       ◆2/10~2/19 Coach CNY活動_CKS 
         -3/9 完成結案
       ◆2/11~3/1 Luxottica CNY活動_CKS
         -3/13 完成結案

    採二 -心婕 
       ◆3/7~4/7 ESG話題操作導客活動_AB
         -2/24確認活動日期、活動宣傳定案
         -3/7活動開跑
         -4/21完成結案

    採三-Grace 
       ◆AB_品酒會
         -2/13 H1 主題&日期定案，賣場業績目標訂定
         -2/26 3/6上呈 Q2 活動申議書
         -3/22【微醺畫室-匠心桶藝】麥卡倫品酒會
         -3/27 完成麥卡倫品酒會結案
           
       ◆1/30~2/1 AB_年貨大街酒區集客活動
         -2/11 完成結案

       ◆3/27~3/29 AB_母親節預購會酒區集客活動
         -2/13 2/24 活動內容定案，與賣場function企劃確認申議書上呈內容
         -2/26 完成調酒師聯繫及贈品採購 (改氛圍活動)
         -4/10 完成結案

    珠採-Chinny
      ◆3/1 3/8 珠寶沙龍VIP活動
        -2/6 確認活動流程/客人dress code主題/珠寶商品
        -2/13 客人紀念品及數位框 定案及採購
        -2/23 活動現場佈置及茶點訂購狀況確認
        -3/20 完成結案
","    採一 -Chinny   
       ◆4/30~5/3 TUMI 開幕活動_CKS
         -2/6 確認活動日期
         -3/4 3/13 活動定案上申議書
         -4/22 線上宣傳活動預告
         -5/15 完成結案

       ◆5/15~5/16 TUMI OUTPSOT VIP活動_澎湖
         -2/6 確認活動日期
         -3/13 活動定案上申議書
         -3/30 開發澎湖旅遊受眾名單
         -5/29 完成結案

       ◆5/30 Grand Seiko 高錶+品酒講座_AB
         -2/26 確認活動日期
         -3/20 活動內容規劃/執行細節及VIP邀約方式
         -6/12 完成結案

       ◆6/19~6/20 COACH VIP活動_澎湖
         -2/26 3/3 確認活動日期
         -3/27 活動定案上申議書
         -5/4 開發澎湖旅遊受眾名單
         -7/3 完成結案

       ◆6/x Burberry VIP 活動_內湖
         -2/26 3/6 確認活動日期
         -3/27 活動內容規劃及VIP邀約方式
         -4/24 活動定案上活動申議書
         -6/x 完成結案

    採二 -心婕 
       ◆4/1~4/30 L'OCCITANE改裝開幕活動_AB
         -3/6 確認活動日期
         -3/13 活動宣傳定案
         -5/14 完成結案

       ◆4/18~4/19 La Mer VIP活動_AB
         -2/26 確認活動日期
         -3/13  3/17 活動內容規劃/執行細節及VIP邀約方式
         -5/4 完成結案

       ◆4/25~4/26 Guerlain Bee school VIP活動_AB
         -2/26 確認活動日期
         -3/20 活動內容規劃/執行細節及VIP邀約方式
         -5/8 完成結案

       ◆6/x Jomalone VIP 活動
         -4/2 確認活動日期
         -4/30 活動內容規劃/執行細節及VIP邀約方式
         -6/x 完成結案

    採三 -Grace 
       ◆CKS_H1酒區導客活動
         -3/13 與採購確認活動定案，上活動申議書
         -4/1 活動正式上線

       ◆AB_品酒會
         -4/25【時間與烈香金門高粱】_金酒品酒會
         -4/30 H2 主題&日期定案，賣場業績目標訂定
         -5/9【布根地正典】Louis Jadot品酒會
         -5/15 上呈H2活動申議書         
         -5/23【煙燻與火的饗宴】泥煤威士忌品酒會
         -6/6【琴酒風味指南】琴酒品酒會
         -6/27【斯佩賽雙雄：格蘭利威和亞伯樂】品酒會
         -7/10 完成H1品酒會結案

       ◆4/3~4/6 JB_母親節預購會酒區集客活動
         -2/26 活動內容定案，與賣場function企劃確認申議書上呈內容
         -4/20 完成結案

       ◆6/18 澎湖_花火節酒區集客活動
         -4/20 活動內容定案，與賣場function企劃確認申議書上呈內容
         -7/2 完成結案

    國採 -Elle
       ◆4/3~4/6 CKS_T2 玩具店x宇宙熊x兒童節導客活動
         -2/13 3/3活動內容定案，申議書上呈活動內容
         -3/6 機場活動函文to履約
         -420 完成結案

       ◆4/10~5/10 四大機場國採x香氛店導客活動
         -2/23 3/3活動內容定案，申議書上呈活動內容
         -3/15 製作物發包完成
         -4/6 製作物到各機場
         -5/20 完成結案

      ◆ 4/17-9/30七龍珠快閃店
        -3/20快閃店宣傳規劃&目標final
        -4/20 線上宣傳開跑
        -10/9 完成結案報告

    珠採-苡倩(新企劃)
      ◆4/30 阿里山系列新品上市活動_CKS
         -2/13 確認新品上市日期
         -3/4 活動流程規劃
         -3/10 機場活動函文to履約(TBC)
         -4/x 完成結案

      ◆5/x 水晶串珠活動_AB
         -3/9 確認活動日期
         -3/16 活動流程定案
         -4/x 線上宣傳活動預告(活動前一週)
         -5/x 完成結案

      ◆6/x 珠寶沙龍VIP活動
        -4/7 確認活動日期/主辦邀約單位 
        -4/27 確認VIP邀約狀況/VIP資訊/活動地點/VIP需求
        -5/18 確認活動流程/客人dress code主題/珠寶商品
        -6/x 完成結案
",可可team,
,,,,,,
"G3:以單一會員識別(OneID)為核心基礎，使受眾篩選、溝通投放與行為標籤蒐集，能回到會員數據庫，累積會員數據資產。
6/30  四大項數位功能優化進度完成50%
12/31四大項數位功能優化進度完成100%",透過數位工具與資料架構優化，提升受眾篩選與跨通路溝通的效率與精準度，並持續擴大會員數據應用場景。," Marketing Automation(MA)行銷自動化工具導入

   2/28 選商且內部簽核完成
   3/31 與資訊部溝通需求確立
   4/30 導入階段性排程確立
   6/30 導入階段性里程碑完成","   2/13 廠商評選表完成
   2/28 3/20 廠商與資訊部專案會議
   3/31 與資訊部溝通需求確立
","   4/30 合約簽訂完成
   6/15 完成資料匯入與驗證；LINE/Email/APP/SMS等會員溝通渠道介接完成
   6/30 系統上線，廠商完成技術交接",Darren,
,,"AI Mpact建置 完成名單篩選模型

   2/28 與資訊部確立資料交換的內容及頻率
   3/31 與資訊部溝通需求確立
   4/30 導入階段性排程確立
   6/30 導入階段性里程碑完成","2/25前建立好資料需求的Table Schema。
- 已完成。
2/27前與資訊開會討論確認資料交換的內容、規範和頻率。
- 已提供資料給謝祥麟代經理review，但截至2月底未收到回覆，將於3/2該週主動了解狀況。
3/10前完成GCP導入和需求規格，以及資安相關設定條件。
3/31前和資訊與Google共同確認設定和需求並啟動雲端平台。","4/15前依照資料隱私規範，上傳資料到雲端，並建立資料清理管線。
4/30前將平台基礎功能與程式碼上線。
5/15前完成受眾系統功能。
5/31前完成lookalike功能。
6/15前完成旅程成效預測功能。
6/30前完成平台測試與上線。",Jerry ,
,,"電商網站雙站合一(入口體驗、購物結帳分流...)

   3/31 完成入口Mockup與資訊部溝通需求確立 -->3/13完成會議
   4/2 與財務會計商控討論結帳相關流程
   5/31 完成新版網站數據蒐集需求(埋code定義及數據回傳)
   6/30 階段性里程碑完成","2/5檢核點：
(1) 完成電商現況盤點，並繪製出「現況電商顧客旅程 v1」與主要痛點整理。
(2) 完成網站改版的資訊架構草稿與 「從首頁到結帳」線框初稿。

3/31 檢核點：
(1) 完成《電商網站改版 Mockup 》(2) 完成與相關單位及電商團隊的正式簡報與討論(DPP)，取得「可作為 2026 年電商改版專案起始版本」的共識。",,電商team,
,,"跨平台身份同步(入口及欄位定義／票券前台顯示一致性)、零級會員(權益定義/社群登入)

2/28 完成跨平台身份資料盤點與資訊部溝通需求確立
4/30 零級會員與資訊部溝通需求確立
6/30 各階段性排程確立(資訊)","2/28 完成跨平台身份資料盤點與同步更新
3/15 零級會員定義與需求討論
3/31 票券前台顯示一致性與資訊部溝通需求確立
4/30 零級會員開發系統/範圍確立
5/31 票券前台顯示一致性開發測試
6/30 零級會員開發各系統排程確立
",,Lily,